"Reference","Qty","Value","DNP","Exclude from BOM","Footprint","Manufacturer_Part_Number"
"C1,C8,C19,C23","4","2.2u","","","digital_amp:CAPPM3216X180N","293D225X9016A2TE3"
"C2,C3,C7,C57,C63,C126,C128","7","22u","","","digital_amp:CAPPM3216X180N","293D226X9010A2TE3"
"C4,C14,C36,C38,C43,C45,C54,C94,C102,C105","10","10u","","","Capacitor_SMD:C_0603_1608Metric","GRM188R61E106KA73J"
"C5,C10,C11,C12,C13,C15,C16,C17,C18,C20,C35,C37,C39,C42,C44,C53,C55,C58,C60,C61,C69,C81,C82,C83,C99,C101,C103,C109,C111,C127,C153","31","100n","","","Capacitor_SMD:C_0603_1608Metric","0603B104K500CT"
"C6,C9,C34,C78,C80,C85,C86,C89,C90,C91,C100,C104,C113,C149,C156","15","1u","","","Capacitor_SMD:C_0603_1608Metric","CL10A105KB8NNNC"
"C24","1","1.5u","","","Capacitor_SMD:C_0603_1608Metric","GRM155Z71A225KE01D"
"C25,C52","2","3.98n","","","Capacitor_SMD:C_0603_1608Metric","GCM1885C1H392JA16D"
"C26,C27,C40,C41","4","39.8n","","","Capacitor_SMD:C_0603_1608Metric","C0603C393K5RACTU"
"C28,C65,C72,C73,C114,C115,C118,C121","8","220p","","","Capacitor_SMD:C_1206_3216Metric","CC1206JRNPOBBN221"
"C29,C64,C122,C123","4","1u","","","digital_amp:PHE-BV_KEM","PHE426HB7100JR06 "
"C30,C47,C158","3","1n","","","Capacitor_SMD:C_0603_1608Metric","0603B102K500CT"
"C31,C48","2","2.05n","","","Capacitor_SMD:C_0603_1608Metric","GCM188R71H272KA37D"
"C32,C33,C46,C49,C50,C51","6","10u","","","Capacitor_SMD:C_0805_2012Metric","GRM21BR61E106KA73L"
"C66,C67,C124,C125","4","220n","","","Capacitor_SMD:C_1206_3216Metric","CL21B224KBFNNNG"
"C68","1","11n","","","Capacitor_SMD:C_0603_1608Metric","GRM155Z71A225KE01D"
"C70,C71,C95,C116,C119,C141","6","1u","","","Capacitor_SMD:C_0805_2012Metric","CL21B105KAFNNNE"
"C74,C75,C76,C77","4","33n","","","Capacitor_SMD:C_1206_3216Metric","1206B333K101CT"
"C79","1","47n","","","Capacitor_SMD:C_0603_1608Metric","CC0603KRX7R9BB473"
"C84","1","470u","","","Capacitor_Tantalum_SMD:CP_EIA-6032-20_AVX-F","TAJC107K016RNJ"
"C87,C88,C92,C93","4","1000u","","","digital_amp:CAPPRD750W80D1600H2500","EWH1JM102L25OT"
"C96","1","150p","","","Capacitor_SMD:C_0603_1608Metric","GRM155Z71A225KE01D"
"C97,C106","2","22u","","","Capacitor_THT:CP_Radial_D4.0mm_P2.00mm","ECA1JHG220"
"C98","1","10n","","","Capacitor_SMD:C_0603_1608Metric","06035C103KAT2A"
"C107,C108","2","33p","","","Capacitor_SMD:C_0603_1608Metric","CC0603JRNPO9BN330"
"C110","1","4.7 μF ESR <1R","","","Capacitor_SMD:C_0603_1608Metric","CL10A475KP8NNNC"
"C112","1","30p","","","Capacitor_SMD:C_0603_1608Metric","C0603C300J5GACTU"
"C145,C146","2","47u","","","Capacitor_SMD:C_0805_2012Metric","CL21A476MQYNNNE"
"C151","1","220n","","","Capacitor_SMD:C_0603_1608Metric","CL10B224KO8NNNC"
"C152","1","82n","","","Capacitor_SMD:C_0603_1608Metric","C0603C823K5RACTU"
"C155","1","47u","","","digital_amp:CAPPM7343X310N","293D476X9025D2TE3"
"C159","1","33n","","","Capacitor_SMD:C_0603_1608Metric","CC0603JRX7R9BB333"
"C160","1","100p","","","Capacitor_SMD:C_0603_1608Metric","CL10C101JB8NNNC"
"C164","1","2.2n","","","Capacitor_SMD:C_0603_1608Metric","GRM1885C1H222JA01D"
"D1,D2,D3,D9","4","TVS","","","Diode_SMD:D_SMA","P4SMAJ6.5CA"
"D4,D5,D10,D11,D13,D14,D15","7","TVS","","","digital_amp:STN061050BL40","STN061050BL40-EA "
"D6","1","STPS3L60S","","","Diode_SMD:D_SMC","STPS3L60S"
"D7","1","BZX384-C56","","","Diode_SMD:D_SOD-323","BZX384-C56"
"D8","1","STPS3L40S","","","Diode_SMD:D_SMC","STPS3L40S"
"D12","1","STPS1L20MF","","","digital_amp:STPS1L20MF","STPS1L20MF"
"F1,F2","2","1A","","","digital_amp:0154001.DRT","0154001.DRT"
"FB3","1","600Ω@100M","","","Inductor_SMD:L_0603_1608Metric","BLM18AG601SN1D"
"H5","1","TPA3255DDV","","","digital_amp:SOP64P810X120-44N","TPA3255DDV"
"HS1","1","ATS-TI1OP-519-C1-R3","","","digital_amp:ATS-TI1OP-519-C1-R3","ATS-TI1OP-519-C1-R3"
"J1","1","FTSH-105-01-L-DV-K","","","digital_amp:FTSH10501LDVK","FTSH-105-01-L-DV-K"
"J2,J9","2","Conn_01x02","","","digital_amp:43650-02YY_151617","43650-0215"
"J3,J4","2","3P HEADER","","","Connector_JST:JST_PH_B3B-PH-K_1x03_P2.00mm_Vertical","B3B-PH-K-S (LF)(SN)"
"J5","1","USB4215-03-A_REVA","","","digital_amp:GCT_USB4215-03-A_REVA","GCT_USB4215-03-A_REVA"
"J7","1","43045-0414","","","digital_amp:43045-04YY_121314","43045-04YY_121314"
"J10","1","FFC2B35-10-T","","","digital_amp:FFC2B3510T","FFC2B3510T"
"JP1,JP2","2","NO","","","Connector_PinHeader_1.27mm:PinHeader_2x01_P1.27mm_Vertical","DS1031-01-1*2P8BV3-1"
"L1,L2,L3,L4","4","10u","","","digital_amp:MA5172AE","MA5172-AE"
"L5","1","18u","","","digital_amp:L_Wurth_WE-PD2-1054","744776118"
"L6","1","47u","","","digital_amp:INDPM120120X1020N","MSS1210-473MED"
"L7","1","47u","","","digital_amp:INDPM8180X540N","HCM1A0805V2-470-R"
"L9","1","33u","","","digital_amp:WE-LQ_L49","744045330"
"Q1","1","2N7002","","","Package_TO_SOT_SMD:SOT-23","2N7002-G"
"Q2","1","STL130N4LF8","","","digital_amp:STL9P4LF6AG","STL130N4LF8"
"R2,R5,R7,R8,R12,R13,R16,R17,R21,R23,R25,R26,R37,R40,R41,R46,R47,R48,R49,R51,R52,R54,R56,R87,R88,R89,R90,R91,R102,R113,R114","31","10k","","","Resistor_SMD:R_0603_1608Metric","RC0603JR-0710KL"
"R3,R9,R14,R15,R18,R22,R65,R66","8","8.45k","","","Resistor_SMD:R_0603_1608Metric","ERA3AEB8661V"
"R4,R45,R70,R71,R79,R80","6","22k","","","Resistor_SMD:R_0603_1608Metric","WR06X2202FTL"
"R10,R64,R67,R69","4","50R","","","Resistor_SMD:R_0603_1608Metric","AR03BTCX0500"
"R11,R93","2","47","","","Resistor_SMD:R_0603_1608Metric","RC0603JR-0747RL"
"R19,R20,R77,R78","4","1R","","","Resistor_SMD:R_0805_2012Metric","RC0805FR-071RL"
"R24,R28","2","47k","","","Resistor_SMD:R_0603_1608Metric","RC0603JR-0747KL"
"R27,R85,R86","3","100","","","Resistor_SMD:R_0603_1608Metric","WR06X101 JTL"
"R29,R98","2","1.18k","","","Resistor_SMD:R_0603_1608Metric","ERA3AEB1181V"
"R30,R99","2","1.65k","","","Resistor_SMD:R_0603_1608Metric","ERA3AEB1651V"
"R32,R34,R39,R101","4","0R","","","Resistor_SMD:R_0603_1608Metric","RC0603JR-070RL"
"R33,R92,R94,R116,R117,R118,R119,R120,R121","9","1M","","","Resistor_SMD:R_0603_1608Metric","RC0603JR-071ML"
"R38","1","51.1k","","","Resistor_SMD:R_0603_1608Metric","ERJ3EKF5112V"
"R42,R43","2","3R3","","","Resistor_SMD:R_0603_1608Metric","AC0603FR-073R3L"
"R44","1","30k","","","Resistor_SMD:R_0603_1608Metric","ERJPA3F3002V"
"R50,R57,R58","3","22R","","","Resistor_SMD:R_0603_1608Metric","WR06X220 JTL"
"R55","1","470k","","","Resistor_SMD:R_0603_1608Metric","RC0603FR-07470KL"
"R59,R60,R73,R75","4","10k","","","Resistor_SMD:R_0805_2012Metric","RC0805FR-0710KL"
"R61,R62,R74,R76","4","33k","","","Resistor_SMD:R_0805_2012Metric","RC0805FR-0733KL"
"R63,R68,R83,R84","4","2.7k","","","Resistor_SMD:R_0603_1608Metric","WR06X2701FTL"
"R72","1","110k","","","Resistor_SMD:R_0603_1608Metric","ERJ3GEYJ114V"
"R81,R82","2","5.1k","","","Resistor_SMD:R_0603_1608Metric","WR06X5101FTL"
"R95","1","7.87k","","","Resistor_SMD:R_0603_1608Metric","ERJ3EKF7871V"
"R96,R104","2","3.3k","","","Resistor_SMD:R_0603_1608Metric","ERA-2ARC2612X"
"R97","1","6.8k","","","Resistor_SMD:R_0603_1608Metric","RC0603FR-076K8L"
"R100","1","100R","","","Resistor_SMD:R_0603_1608Metric","WR06X1000FTL"
"R103","1","13k","","","Resistor_SMD:R_0603_1608Metric"," RC0402BR-07220KL"
"R105,R107","2","100k","","","Resistor_SMD:R_0603_1608Metric","CRCW0402100KFKED"
"R106,R108,R110,R112","4","33k","","","Resistor_SMD:R_0603_1608Metric","ERA2AEB333X"
"R109,R111","2","56k","","","Resistor_SMD:R_0603_1608Metric","CR0402-FX-5602GLF"
"R115","1","3.9k","","","Resistor_SMD:R_0603_1608Metric","RC0402BR-07220KL"
"R122,R123,R124,R125,R126","5","0","","","Resistor_SMD:R_0402_1005Metric_Pad0.72x0.64mm_HandSolder","RC0402JR-070RL"
"U1","1","ORJ-3__FCR6842032R_","","","digital_amp:ORJ3FCR6842032R","ORJ-3 (FCR6842032R)"
"U2","1","ESP32-WROOM-32UE","","","RF_Module:ESP32-WROOM-32UE","ESP32-WROOM-32UE"
"U3","1","L5973D","","","Package_SO:HSOP-8-1EP_3.9x4.9mm_P1.27mm_EP2.41x3.1mm_ThermalVias","L5973D013TR"
"U4","1","24LC512","","","Package_SO:SOIC-8_3.9x4.9mm_P1.27mm","24LC512-I/SN"
"U6,U7,U9,U16","4","SPX5205M5-L_TR","","","digital_amp:SOT95P280X145-5N","SPX5205M5-L/TR"
"U12","1","OPA2365AID","","","Package_SO:SOIC-8_3.9x4.9mm_P1.27mm","OPA2365AID"
"U17","1","OPA2188AIDR","","","Package_SO:SOIC-8_3.9x4.9mm_P1.27mm","OPA2188AIDR"
"U18","1","TAC5242IRGER","","","digital_amp:TAC5242IRGER","TAC5242IRGER"
"U19","1","L7987","","","digital_amp:SOP65P640X120-17N","L7987"
"Y1","1","ASDMB-24.576MHZ-LY-T","","","Oscillator:Oscillator_SMD_Abracon_ASDMB-4Pin_2.5x2.0mm","ASDMB-24.576MHZ-LY-T"
"Y2","1","3225-25M-SR","","","digital_amp:322525MSR","3225-25M-SR"
